Workbook

Sheet Actividades_V_Previa
A1: BENEMÉRITA UNIVERSIDAD AUTÓNOMA DE PUEBLA APLICACIONES WEB - OTOÑO 2024 GRUPO 01:00 P.M. M.C. LUIS YAEL MÉNDEZ SÁNCHEZ
A4: Matrícula | B4: Nombre | C4: 0.1 | D4: 0.2 | L4: 0.25 | V4: 0.2 | AF4: 0.25 | AG4: Calificación | AH4: Final
C5: Participación y Asistencia | D5: Tareas y trabajos de investigación | L5: Prácticas de Laboratorio | V5: Quizzes | AF5: Proyecto Final
D6: T1: Mapa de Sitio | E6: T2:Exposicion | F6: Actividad 1:Cuadro Sinoptico | G6: T3: Uso de ngIf - ngFor y ngSwitch | H6: T4: Decoradores en Angular | I6: T5: Funciones Especiales en Angular | J6: T6: Fundamentos Django | K6: TOTAL TAREAS | L6: Práctica 1: CV con HTML y CSS | M6: Práctica 2: Freelancer | N6: Práctica 3: Frontend Store | O6: Práctica 4: Bienes Raíces | P6: Práctica 5: Formularios de registro | Q6: Práctica 6 : Registros de usuarios | R6: Práctica 7: Formulario de registro con PHP | S6: Práctica 8: Listar usuarios del sistema | T6: Práctica 9: Editar y eliminar usuarios | U6: TOTAL PRÁCTICAS | V6: Quiz - Unidad 1 y 2 | W6: Quiz 1-HTML5 | X6: Quiz 2- CSS | Y6: Quiz 3-Bootstrap 5 | Z6: Quiz 4 - PHP y JSON | AA6: Angular (Escrito) | AB6: Django (Escrito) | AC6: Quiz 5: Componentes - Módulos y Pipes | AD6: Quiz 6: Formularios - Angular | AE6: TOTAL QUIZZES
A7: 202028856 | B7: BAUTISTA LIMON, CHRISTIAN | C7: =IF(Asistencias!AO7>=80%,1,0) -> 1 | D7: 1 | E7: 1 | F7: 0.5 | G7: 0.81 | H7: 0.62 | I7: 0.95 | K7: =((SUM(D7:J7)*0.2)/6)*10 -> 1.6266667 | L7: 0 | M7: 1 | N7: 1 | O7: 1 | P7: 1 | Q7: 1 | R7: 1 | S7: 1 | U7: =((SUM(L7:T7)*0.25)/7)*10 -> 2.5 | V7: 0.95 | W7: 1 | X7: 0.97 | Y7: 0.94 | Z7: 0.92 | AA7: 0.34 | AB7: 0.8 | AE7: =((SUM(V7:AD7)*0.2)/7)*10 -> 1.6914286 | AG7: =SUM(C7,K7,U7,AE7,AF7) -> 6.8180952
A8: 202079042 | B8: BAZAN DURAN, ANDREA | C8: =IF(Asistencias!AO8>=80%,1,0) -> 1 | D8: 1 | E8: 1 | F8: 1 | G8: 1 | H8: 1 | I8: 1 | K8: =((SUM(D8:J8)*0.2)/6)*10 -> 2 | L8: 1 | M8: 0.95 | N8: 1 | O8: 1 | P8: 1 | Q8: 1 | R8: 1 | U8: =((SUM(L8:T8)*0.25)/7)*10 -> 2.4821429 | V8: 1 | W8: 1 | X8: 0.94 | Y8: 0.96 | Z8: 1 | AA8: 0.63 | AB8: 1 | AE8: =((SUM(V8:AD8)*0.2)/7)*10 -> 1.8657143 | AG8: =SUM(C8,K8,U8,AE8,AF8) -> 7.3478571
A9: 202213967 | B9: CARCAMO BONIFACIO, DAVID | C9: =IF(Asistencias!AO10>=80%,1,0) -> 1 | D9: 1 | E9: 1 | F9: 1 | G9: 0.88 | H9: 0.69 | I9: 0.9 | K9: =((SUM(D9:J9)*0.2)/6)*10 -> 1.8233333 | L9: 1 | M9: 0.95 | N9: 0.95 | O9: 1 | P9: 1 | Q9: 1 | R9: 1 | U9: =((SUM(L9:T9)*0.25)/7)*10 -> 2.4642857 | V9: 1 | W9: 0.93 | X9: 0.97 | Y9: 1 | Z9: 1 | AA9: 0.31 | AB9: 0.46 | AE9: =((SUM(V9:AD9)*0.2)/7)*10 -> 1.62 | AG9: =SUM(C9,K9,U9,AE9,AF9) -> 6.907619
A10: 201947249 | B10: CARRERA HERNANDEZ, ANA M. | C10: =IF(Asistencias!AO12>=80%,1,0) -> 1 | D10: 0.9 | E10: 1 | F10: 0.9 | G10: 1 | H10: 1 | I10: 1 | K10: =((SUM(D10:J10)*0.2)/6)*10 -> 1.9333333 | L10: 1 | M10: 0.95 | N10: 0.95 | O10: 1 | P10: 1 | Q10: 1 | R10: 1 | U10: =((SUM(L10:T10)*0.25)/7)*10 -> 2.4642857 | V10: 0.9 | W10: 0.75 | X10: 0.87 | Y10: 0.79 | Z10: 0.68 | AA10: 0.31 | AB10: 0.56 | AE10: =((SUM(V10:AD10)*0.2)/7)*10 -> 1.3885714 | AG10: =SUM(C10,K10,U10,AE10,AF10) -> 6.7861905
A11: 202032676 | B11: CORTES RIVERA, RUBI | C11: =IF(Asistencias!AO13>=80%,1,0) -> 1 | D11: 0.9 | E11: 1 | F11: 0.6 | G11: 0.88 | H11: 0.81 | I11: 0.88 | K11: =((SUM(D11:J11)*0.2)/6)*10 -> 1.69 | L11: 1 | M11: 0 | N11: 0.95 | O11: 1 | P11: 1 | Q11: 1 | R11: 0.85 | U11: =((SUM(L11:T11)*0.25)/7)*10 -> 2.0714286 | V11: 1 | W11: 0.89 | X11: 0.86 | Y11: 0.9 | Z11: 0.92 | AA11: 0.34 | AB11: 0.52 | AE11: =((SUM(V11:AD11)*0.2)/7)*10 -> 1.5514286 | AG11: =SUM(C11,K11,U11,AE11,AF11) -> 6.3128571
A12: 202065060 | B12: CORTES VIVAR, ANGELICA | C12: =IF(Asistencias!AO15>=80%,1,0) -> 1 | D12: 1 | E12: 1 | F12: 1 | G12: 0.9 | H12: 0.81 | I12: 1 | K12: =((SUM(D12:J12)*0.2)/6)*10 -> 1.9033333 | L12: 1 | M12: 0.95 | N12: 1 | O12: 1 | P12: 1 | Q12: 1 | R12: 1 | U12: =((SUM(L12:T12)*0.25)/7)*10 -> 2.4821429 | V12: 0.9 | W12: 0.96 | X12: 0.8 | Y12: 0.97 | Z12: 0.96 | AA12: 0.86 | AB12: 0.66 | AE12: =((SUM(V12:AD12)*0.2)/7)*10 -> 1.7457143 | AG12: =SUM(C12,K12,U12,AE12,AF12) -> 7.1311905
A13: 202034088 | B13: DEOLARTE JUAREZ, ALLAN G. | C13: =IF(Asistencias!AO16>=80%,1,0) -> 1 | D13: 0 | E13: 1 | F13: 1 | G13: 0.31 | H13: 0.44 | I13: 1 | K13: =((SUM(D13:J13)*0.2)/6)*10 -> 1.25 | L13: 1 | M13: 0.8 | N13: 0 | O13: 1 | P13: 1 | Q13: 0 | R13: 1 | U13: =((SUM(L13:T13)*0.25)/7)*10 -> 1.7142857 | V13: 0.95 | W13: 0.96 | X13: 0.97 | Y13: 0.88 | Z13: 0.96 | AA13: 0.53 | AB13: 0.66 | AE13: =((SUM(V13:AD13)*0.2)/7)*10 -> 1.6885714 | AG13: =SUM(C13,K13,U13,AE13,AF13) -> 5.6528571
A14: 202034234 | B14: DIAZ MARTINEZ, MONICA | C14: =IF(Asistencias!AO17>=80%,1,0) -> 0 | D14: 1 | E14: 1 | F14: 1 | G14: 1 | H14: 1 | I14: 1 | K14: =((SUM(D14:J14)*0.2)/6)*10 -> 2 | L14: 1 | M14: 0.95 | N14: 1 | O14: 1 | P14: 1 | Q14: 1 | R14: 1 | U14: =((SUM(L14:T14)*0.25)/7)*10 -> 2.4821429 | V14: 1 | W14: 1 | X14: 0.81 | Y14: 1 | Z14: 1 | AA14: 0.58 | AB14: 0.7 | AE14: =((SUM(V14:AD14)*0.2)/7)*10 -> 1.74 | AG14: =SUM(C14,K14,U14,AE14,AF14) -> 6.2221429
A15: 202126618 | B15: GALINDO GALLEGOS, MARIO A. | C15: =IF(Asistencias!AO18>=80%,1,0) -> 1 | D15: 1 | E15: 1 | F15: 1 | G15: 0.88 | H15: 0.81 | I15: 0.95 | K15: =((SUM(D15:J15)*0.2)/6)*10 -> 1.88 | L15: 1 | M15: 1 | N15: 1 | O15: 1 | P15: 1 | Q15: 1 | R15: 1 | U15: =((SUM(L15:T15)*0.25)/7)*10 -> 2.5 | V15: 0.95 | W15: 0.96 | X15: 0.87 | Y15: 0.93 | Z15: 1 | AA15: 0.45 | AB15: 0.76 | AE15: =((SUM(V15:AD15)*0.2)/7)*10 -> 1.6914286 | AG15: =SUM(C15,K15,U15,AE15,AF15) -> 7.0714286
A16: 201966686 | B16: GARCIA EUZABIAGA, RICARDO | C16: =IF(Asistencias!#REF!>=80%,1,0) -> #REF! | D16: 0.8 | E16: 0.8 | F16: 1 | G16: 0.25 | H16: 0.31 | I16: 0 | K16: =((SUM(D16:J16)*0.2)/6)*10 -> 1.0533333 | L16: 1 | M16: 1 | N16: 1 | O16: 0.8 | P16: 0 | Q16: 1 | R16: 0 | U16: =((SUM(L16:T16)*0.25)/7)*10 -> 1.7142857 | V16: 0.9 | W16: 0.8 | X16: 0.91 | Y16: 0.53 | Z16: 0 | AA16: 0.76 | AB16: 0.64 | AE16: =((SUM(V16:AD16)*0.2)/7)*10 -> 1.2971429 | AG16: =SUM(C16,K16,U16,AE16,AF16) -> #REF!
A17: 202122581 | B17: GARCIA PACHECO, IVAN A. | C17: =IF(Asistencias!AO19>=80%,1,0) -> 1 | D17: 0.95 | E17: 1 | F17: 1 | G17: 0.75 | H17: 0.69 | I17: 0.8 | K17: =((SUM(D17:J17)*0.2)/6)*10 -> 1.73 | L17: 1 | M17: 1 | N17: 1 | O17: 1 | P17: 1 | Q17: 1 | R17: 1 | U17: =((SUM(L17:T17)*0.25)/7)*10 -> 2.5 | V17: 0.95 | W17: 1 | X17: 0.93 | Y17: 0.91 | Z17: 0.96 | AA17: 0.22 | AB17: 0.7 | AE17: =((SUM(V17:AD17)*0.2)/7)*10 -> 1.62 | AG17: =SUM(C17,K17,U17,AE17,AF17) -> 6.85
A18: 201960686 | B18: GOMEZ HERNANDEZ, ISAAC D. | C18: =IF(Asistencias!AO22>=80%,1,0) -> 1 | D18: 0.9 | E18: 1 | F18: 0 | G18: 0.85 | H18: 0.87 | I18: 0 | K18: =((SUM(D18:J18)*0.2)/6)*10 -> 1.2066667 | L18: 1 | M18: 0.9 | N18: 0 | O18: 1 | P18: 1 | Q18: 1 | R18: 1 | U18: =((SUM(L18:T18)*0.25)/7)*10 -> 2.1071429 | V18: 0.95 | W18: 0.96 | X18: 0.91 | Y18: 0.9 | Z18: 1 | AA18: 0.63 | AB18: 0.46 | AE18: =((SUM(V18:AD18)*0.2)/7)*10 -> 1.66 | AG18: =SUM(C18,K18,U18,AE18,AF18) -> 5.9738095
A19: 202039059 | B19: GONZALEZ TELLEZ, JORDI Y. | C19: =IF(Asistencias!AO24>=80%,1,0) -> 1 | D19: 1 | E19: 1 | F19: 1 | G19: 1 | H19: 1 | I19: 1 | K19: =((SUM(D19:J19)*0.2)/6)*10 -> 2 | L19: 1 | M19: 0.95 | N19: 1 | O19: 1 | P19: 1 | Q19: 1 | R19: 1 | U19: =((SUM(L19:T19)*0.25)/7)*10 -> 2.4821429 | V19: 0.95 | W19: 0.96 | X19: 0.93 | Y19: 1 | Z19: 1 | AA19: 0.43 | AB19: 0.75 | AE19: =((SUM(V19:AD19)*0.2)/7)*10 -> 1.72 | AG19: =SUM(C19,K19,U19,AE19,AF19) -> 7.2021429
A20: 201912874 | B20: GUZMAN MORALES, FERNANDO | C20: =IF(Asistencias!AO25>=80%,1,0) -> 1 | D20: 0.95 | E20: 1 | F20: 1 | G20: 1 | H20: 1 | I20: 1 | K20: =((SUM(D20:J20)*0.2)/6)*10 -> 1.9833333 | L20: 1 | M20: 1 | N20: 1 | O20: 1 | P20: 1 | Q20: 1 | R20: 1 | U20: =((SUM(L20:T20)*0.25)/7)*10 -> 2.5 | V20: 1 | W20: 0.96 | X20: 0.93 | Y20: 0.97 | Z20: 1 | AA20: 0.3 | AB20: 0.75 | AE20: =((SUM(V20:AD20)*0.2)/7)*10 -> 1.6885714 | AG20: =SUM(C20,K20,U20,AE20,AF20) -> 7.1719048
A21: 202345191 | B21: HERNANDEZ HERNANDEZ, ALEJANDRO | C21: =IF(Asistencias!AO26>=80%,1,0) -> 1 | D21: 1 | E21: 1 | F21: 0.7 | G21: 0.79 | H21: 0.5 | I21: 0 | K21: =((SUM(D21:J21)*0.2)/6)*10 -> 1.33 | L21: 1 | M21: 0.95 | N21: 1 | O21: 1 | P21: 1 | Q21: 1 | R21: 0 | U21: =((SUM(L21:T21)*0.25)/7)*10 -> 2.125 | V21: 1 | W21: 0.96 | X21: 0.94 | Y21: 0.94 | Z21: 1 | AA21: 0.16 | AB21: 0.52 | AE21: =((SUM(V21:AD21)*0.2)/7)*10 -> 1.5771429 | AG21: =SUM(C21,K21,U21,AE21,AF21) -> 6.0321429
A22: 202041057 | B22: HERNANDEZ SANCHEZ, JOSHUA | C22: =IF(Asistencias!AO27>=80%,1,0) -> 1 | D22: 1 | E22: 1 | F22: 0.8 | G22: 0.8 | H22: 0.88 | I22: 1 | K22: =((SUM(D22:J22)*0.2)/6)*10 -> 1.8266667 | L22: 1 | M22: 1 | N22: 1 | O22: 1 | P22: 1 | Q22: 1 | R22: 1 | U22: =((SUM(L22:T22)*0.25)/7)*10 -> 2.5 | V22: 1 | W22: 0.97 | X22: 0.97 | Y22: 0.94 | Z22: 1 | AA22: 0.4 | AB22: 0.7 | AE22: =((SUM(V22:AD22)*0.2)/7)*10 -> 1.7085714 | AG22: =SUM(C22,K22,U22,AE22,AF22) -> 7.0352381
A23: 202124578 | B23: KURI HERRERA, YAMIL | C23: =IF(Asistencias!AO28>=80%,1,0) -> 1 | D23: 0.9 | E23: 1 | F23: 0.8 | G23: 1 | H23: 0.88 | I23: 1 | K23: =((SUM(D23:J23)*0.2)/6)*10 -> 1.86 | L23: 1 | M23: 1 | N23: 0 | O23: 1 | P23: 1 | Q23: 1 | R23: 1 | U23: =((SUM(L23:T23)*0.25)/7)*10 -> 2.1428571 | V23: 0 | W23: 1 | X23: 0.82 | Y23: 0.9 | Z23: 1 | AA23: 0.18 | AB23: 0.6 | AE23: =((SUM(V23:AD23)*0.2)/7)*10 -> 1.2857143 | AG23: =SUM(C23,K23,U23,AE23,AF23) -> 6.2885714
A24: 202046555 | B24: MENA MENA, SELENE | C24: =IF(Asistencias!AO29>=80%,1,0) -> 1 | D24: 1 | E24: 1 | F24: 0.8 | G24: 1 | H24: 0.81 | I24: 1 | K24: =((SUM(D24:J24)*0.2)/6)*10 -> 1.87 | L24: 1 | M24: 0.95 | N24: 1 | O24: 1 | P24: 1 | Q24: 1 | R24: 1 | U24: =((SUM(L24:T24)*0.25)/7)*10 -> 2.4821429 | V24: 0.95 | W24: 0.96 | X24: 0.9 | Y24: 0.9 | Z24: 0.96 | AA24: 0.32 | AB24: 0.32 | AE24: =((SUM(V24:AD24)*0.2)/7)*10 -> 1.5171429 | AG24: =SUM(C24,K24,U24,AE24,AF24) -> 6.8692857
A25: 202071113 | B25: MENDEZ LUNA, TERI S. | C25: =IF(Asistencias!AO31>=80%,1,0) -> 1 | D25: 0.9 | E25: 1 | F25: 0.8 | G25: 0.87 | H25: 0.88 | I25: 1 | K25: =((SUM(D25:J25)*0.2)/6)*10 -> 1.8166667 | L25: 1 | M25: 0.95 | N25: 1 | O25: 1 | P25: 1 | Q25: 1 | R25: 0.9 | U25: =((SUM(L25:T25)*0.25)/7)*10 -> 2.4464286 | V25: 1 | W25: 0.93 | X25: 0.81 | Y25: 0.84 | Z25: 0.96 | AA25: 0.45 | AB25: 0.74 | AE25: =((SUM(V25:AD25)*0.2)/7)*10 -> 1.6371429 | AG25: =SUM(C25,K25,U25,AE25,AF25) -> 6.9002381
A26: 202140381 | B26: ORTIZ RUIZ, SAMANTHA | C26: =IF(Asistencias!AO32>=80%,1,0) -> 1 | D26: 1 | E26: 1 | F26: 1 | G26: 1 | H26: 1 | I26: 1 | K26: =((SUM(D26:J26)*0.2)/6)*10 -> 2 | L26: 1 | M26: 1 | N26: 1 | O26: 1 | P26: 1 | Q26: 1 | R26: 1 | U26: =((SUM(L26:T26)*0.25)/7)*10 -> 2.5 | V26: 1 | W26: 0.9 | X26: 0.88 | Y26: 0.91 | Z26: 0.92 | AA26: 0.38 | AB26: 0.8 | AE26: =((SUM(V26:AD26)*0.2)/7)*10 -> 1.6542857 | AG26: =SUM(C26,K26,U26,AE26,AF26) -> 7.1542857
A27: 202050239 | B27: PADILLA PEREZ, DULCE L. | C27: =IF(Asistencias!AO33>=80%,1,0) -> 1 | D27: 0.9 | E27: 1 | F27: 0.8 | G27: 0.8 | H27: 0.8 | I27: 0.9 | K27: =((SUM(D27:J27)*0.2)/6)*10 -> 1.7333333 | L27: 1 | M27: 0.95 | N27: 1 | O27: 1 | P27: 1 | Q27: 1 | R27: 1 | U27: =((SUM(L27:T27)*0.25)/7)*10 -> 2.4821429 | V27: 1 | W27: 0.92 | X27: 0.93 | Y27: 0.9 | Z27: 0.88 | AA27: 0.3 | AB27: 0.5 | AE27: =((SUM(V27:AD27)*0.2)/7)*10 -> 1.5514286 | AG27: =SUM(C27,K27,U27,AE27,AF27) -> 6.7669048
A28: 201909400 | B28: RAMIREZ LOPEZ, VICTOR H. | C28: =IF(Asistencias!AO34>=80%,1,0) -> 1 | D28: 0.9 | E28: 1 | F28: 0.9 | G28: 0.81 | H28: 0.85 | I28: 1 | K28: =((SUM(D28:J28)*0.2)/6)*10 -> 1.82 | L28: 1 | M28: 0.95 | N28: 1 | O28: 1 | P28: 1 | Q28: 1 | R28: 1 | U28: =((SUM(L28:T28)*0.25)/7)*10 -> 2.4821429 | V28: 0.95 | W28: 0.86 | X28: 0.94 | Y28: 1 | Z28: 0.92 | AA28: 0.94 | AB28: 1 | AE28: =((SUM(V28:AD28)*0.2)/7)*10 -> 1.8885714 | AG28: =SUM(C28,K28,U28,AE28,AF28) -> 7.1907143
A29: 201926925 | B29: RIVERA VIDAL, SERGIO E. | C29: =IF(Asistencias!AO35>=80%,1,0) -> 1 | D29: 0.9 | E29: 1 | F29: 1 | G29: 1 | H29: 1 | I29: 1 | K29: =((SUM(D29:J29)*0.2)/6)*10 -> 1.9666667 | L29: 1 | M29: 1 | N29: 1 | O29: 1 | P29: 1 | Q29: 1 | R29: 0 | U29: =((SUM(L29:T29)*0.25)/7)*10 -> 2.1428571 | V29: 1 | W29: 0.88 | X29: 0.84 | Y29: 0.76 | Z29: 0.92 | AA29: 0.65 | AB29: 0.46 | AE29: =((SUM(V29:AD29)*0.2)/7)*10 -> 1.5742857 | AG29: =SUM(C29,K29,U29,AE29,AF29) -> 6.6838095
A30: 202075141 | B30: SAHINOS GAONA, JESUS D. | C30: =IF(Asistencias!#REF!>=80%,1,0) -> #REF! | D30: 1 | E30: 1 | F30: 1 | G30: 0.94 | H30: 1 | I30: 1 | K30: =((SUM(D30:J30)*0.2)/6)*10 -> 1.98 | L30: 1 | M30: 0.95 | N30: 1 | O30: 1 | P30: 1 | Q30: 1 | R30: 1 | U30: =((SUM(L30:T30)*0.25)/7)*10 -> 2.4821429 | V30: 0.9 | W30: 0.93 | X30: 0.91 | Y30: 0.94 | Z30: 1 | AA30: 0.81 | AB30: 0.86 | AE30: =((SUM(V30:AD30)*0.2)/7)*10 -> 1.8142857 | AG30: =SUM(C30,K30,U30,AE30,AF30) -> #REF!
A31: 201523007 | B31: SANCHEZ GONZALEZ, MIGUEL A. | C31: =IF(Asistencias!#REF!>=80%,1,0) -> #REF! | D31: 1 | E31: 1 | F31: 0 | G31: 0.56 | H31: 0 | I31: 0 | K31: =((SUM(D31:J31)*0.2)/6)*10 -> 0.85333333 | L31: 0 | M31: 1 | N31: 1 | O31: 1 | P31: 0 | Q31: 0 | R31: 1 | U31: =((SUM(L31:T31)*0.25)/7)*10 -> 1.4285714 | V31: 1 | W31: 1 | X31: 0.94 | Y31: 0.97 | Z31: 0 | AA31: 0.26 | AB31: 0.31 | AE31: =((SUM(V31:AD31)*0.2)/7)*10 -> 1.28 | AG31: =SUM(C31,K31,U31,AE31,AF31) -> #REF!
A32: 202159639 | B32: SANCHEZ LOEZA, RENATO | C32: =IF(Asistencias!#REF!>=80%,1,0) -> #REF! | D32: 1 | E32: 1 | F32: 1 | G32: 1 | H32: 1 | I32: 1 | K32: =((SUM(D32:J32)*0.2)/6)*10 -> 2 | L32: 1 | M32: 1 | N32: 1 | O32: 1 | P32: 1 | Q32: 1 | R32: 1 | U32: =((SUM(L32:T32)*0.25)/7)*10 -> 2.5 | V32: 0.95 | W32: 0.86 | X32: 1 | Y32: 0.97 | Z32: 0.96 | AA32: 0.88 | AB32: 0.93 | AE32: =((SUM(V32:AD32)*0.2)/7)*10 -> 1.8714286 | AG32: =SUM(C32,K32,U32,AE32,AF32) -> #REF!
A33: 202160534 | B33: SANTIAGO HERNANDEZ, BRANDON | C33: =IF(Asistencias!#REF!>=80%,1,0) -> #REF! | D33: 1 | E33: 1 | F33: 0.9 | G33: 0.94 | H33: 1 | I33: 1 | K33: =((SUM(D33:J33)*0.2)/6)*10 -> 1.9466667 | L33: 1 | M33: 1 | N33: 1 | O33: 1 | P33: 1 | Q33: 1 | R33: 1 | U33: =((SUM(L33:T33)*0.25)/7)*10 -> 2.5 | V33: 1 | W33: 0.89 | X33: 0.86 | Y33: 0.87 | Z33: 1 | AA33: 0.26 | AB33: 0.9 | AE33: =((SUM(V33:AD33)*0.2)/7)*10 -> 1.6514286 | AG33: =SUM(C33,K33,U33,AE33,AF33) -> #REF!
A34: 202161127 | B34: SILVA CAMPOS, MARGARITA | C34: =IF(Asistencias!#REF!>=80%,1,0) -> #REF! | D34: 1 | E34: 1 | F34: 1 | G34: 1 | H34: 1 | I34: 1 | K34: =((SUM(D34:J34)*0.2)/6)*10 -> 2 | L34: 1 | M34: 1 | N34: 1 | O34: 1 | P34: 1 | Q34: 1 | R34: 1 | U34: =((SUM(L34:T34)*0.25)/7)*10 -> 2.5 | V34: 1 | W34: 0.92 | X34: 0.94 | Y34: 0.96 | Z34: 1 | AA34: 0.23 | AB34: 0.6 | AE34: =((SUM(V34:AD34)*0.2)/7)*10 -> 1.6142857 | AG34: =SUM(C34,K34,U34,AE34,AF34) -> #REF!
A35: 202357457 | B35: TAPIA GONZALEZ, ENRIQUE | C35: =IF(Asistencias!#REF!>=80%,1,0) -> #REF! | D35: 0.99 | E35: 1 | F35: 0 | G35: 0.56 | H35: 0.5 | I35: 0 | K35: =((SUM(D35:J35)*0.2)/6)*10 -> 1.0166667 | L35: 0 | M35: 1 | N35: 0 | O35: 1 | P35: 0 | Q35: 0 | R35: 0 | U35: =((SUM(L35:T35)*0.25)/7)*10 -> 0.71428571 | V35: 1 | W35: 0.88 | X35: 0.77 | Y35: 0.8 | Z35: 0 | AA35: 0.31 | AB35: 0 | AE35: =((SUM(V35:AD35)*0.2)/7)*10 -> 1.0742857 | AG35: =SUM(C35,K35,U35,AE35,AF35) -> #REF!
A36: 202358233 | B36: TOSCA UTRERA, CRUZ E. | C36: =IF(Asistencias!#REF!>=80%,1,0) -> #REF! | D36: 1 | E36: 1 | F36: 0.8 | G36: 0.62 | H36: 0.75 | I36: 1 | K36: =((SUM(D36:J36)*0.2)/6)*10 -> 1.7233333 | L36: 1 | M36: 0.95 | N36: 1 | O36: 1 | P36: 1 | Q36: 1 | R36: 1 | U36: =((SUM(L36:T36)*0.25)/7)*10 -> 2.4821429 | V36: 1 | W36: 0.79 | X36: 0.87 | Y36: 0.57 | Z36: 0.68 | AA36: 0.18 | AB36: 0.75 | AE36: =((SUM(V36:AD36)*0.2)/7)*10 -> 1.3828571 | AG36: =SUM(C36,K36,U36,AE36,AF36) -> #REF!
A37: 201913586 | B37: TUXPAN HERNANDEZ, MONICA | C37: =IF(Asistencias!#REF!>=80%,1,0) -> #REF! | D37: 1 | E37: 1 | F37: 0 | G37: 0 | H37: 0 | I37: 1 | K37: =((SUM(D37:J37)*0.2)/6)*10 -> 1 | L37: 1 | M37: 1 | N37: 0 | O37: 1 | P37: 1 | Q37: 0 | R37: 0.95 | U37: =((SUM(L37:T37)*0.25)/7)*10 -> 1.7678571 | V37: 1 | W37: 0.92 | X37: 0.9 | Y37: 0.9 | Z37: 0.84 | AA37: 0.58 | AB37: 0.66 | AE37: =((SUM(V37:AD37)*0.2)/7)*10 -> 1.6571429 | AG37: =SUM(C37,K37,U37,AE37,AF37) -> #REF!
A38: 202165637 | B38: VICENTE DE LOS SANTOS, DANA C. | C38: =IF(Asistencias!#REF!>=80%,1,0) -> #REF! | D38: 1 | E38: 1 | F38: 1 | G38: 1 | H38: 1 | I38: 1 | K38: =((SUM(D38:J38)*0.2)/6)*10 -> 2 | L38: 1 | M38: 1 | N38: 1 | O38: 1 | P38: 1 | Q38: 1 | R38: 1 | U38: =((SUM(L38:T38)*0.25)/7)*10 -> 2.5 | V38: 1 | W38: 1 | X38: 0.94 | Y38: 0.89 | Z38: 1 | AA38: 0.45 | AB38: 0.9 | AE38: =((SUM(V38:AD38)*0.2)/7)*10 -> 1.7657143 | AG38: =SUM(C38,K38,U38,AE38,AF38) -> #REF!
A39: 201963582 | B39: XICALE CABRERA, IRVYN | C39: =IF(Asistencias!#REF!>=80%,1,0) -> #REF! | D39: 1 | E39: 1 | F39: 0 | G39: 0.69 | H39: 0.69 | I39: 1 | K39: =((SUM(D39:J39)*0.2)/6)*10 -> 1.46 | L39: 1 | M39: 0.95 | N39: 1 | O39: 1 | P39: 1 | Q39: 1 | R39: 1 | U39: =((SUM(L39:T39)*0.25)/7)*10 -> 2.4821429 | V39: 1 | W39: 0.96 | X39: 0.97 | Y39: 0.94 | Z39: 0.84 | AA39: 0.56 | AB39: 0.51 | AE39: =((SUM(V39:AD39)*0.2)/7)*10 -> 1.6514286 | AG39: =SUM(C39,K39,U39,AE39,AF39) -> #REF!

Sheet Actividades_Version_Final
A1: BENEMÉRITA UNIVERSIDAD AUTÓNOMA DE PUEBLA SERVICIOS WEB - PRIMAVERA 2026 GRUPO 03:00 P.M. M.C. LUIS YAEL MÉNDEZ SÁNCHEZ
A4: Matrícula | B4: Nombre | D4: 0.1 | N4: 0.1 | V4: 0.3 | AG4: 0.2 | AQ4: 0.3 | AR4: Calificación | AS4: Final
C5: Asistencia a clase (Debe ser >=70%) | D5: Participación en clase | N5: Tareas y trabajos de investigación | V5: Prácticas de Laboratorio | AG5: Quizzes | AQ5: Proyecto Final
D6: Exposición XML | E6: Participación Tarea 1 | F6: Participación | G6: Participación | H6: Participación | I6: Revision 1 del rpoyecto | J6: Clase documentación Viva | K6: Revisión con Profe Olguin | L6: Conteo de participaciones | M6: TOTAL PARTICIPACIÓN | N6: Actividad 1: Análisis y Diseño de una API RESTful | O6: Tarea 1: Desarrollo de Servicios Web Modernos y su Comparativa | P6: Tarea 2: Estándares y Tecnologías de los Servicios Web | Q6: Tarea 3: Fundamentos de Microservicios y Contenerización | U6: TOTAL TAREAS | V6: Práctica 1: Creación de una API REST con Swagger Local | W6: Práctica 2: Manejo de información usando XML, Xpath y Xquery | X6: Práctica 3: Consumo de API RESTful y Manejo de Estados HTTP | Y6: Práctica 4: Creación de una API-REST | Z6: Práctica 5: Consumo de servicios web con fetch y axios | AA6: Práctica 6: Integración de Microservicios | AF6: TOTAL PRÁCTICAS | AG6: Examen Unidad 1 | AH6: Examen Unidad 2 | AI6: Examen Unidad 3 | AJ6: Examen Unidad 4 | AP6: TOTAL QUIZZES
A7: 202224429 | B7: AGUILAR SALDIVAR, ANGEL G. | C7: =IF(Asistencias!AO7>=70%,"SI","NO") -> SI | D7: 1 | E7: 1 | G7: 1 | I7: 1 | L7: =COUNTIF(D7:K7,1) -> 4 | M7: =IFERROR((L7/MAX($L$7:$L$42))*1,0) -> 0.8 | N7: 1 | O7: 1 | P7: 1 | Q7: 1 | U7: =((SUM(N7:Q7)*0.1)/4)*10 -> 1 | V7: 1 | W7: 1 | X7: 1 | Y7: 1 | Z7: 1 | AA7: 1 | AF7: =((SUM(V7:AA7)*0.3)/6)*10 -> 3 | AG7: 1 | AI7: 1 | AP7: =((SUM(AG7:AJ7)*0.2)/4)*10 -> 1 | AR7: =SUM(M7,U7,AF7,AP7,AQ7) -> 5.8
A8: 202213377 | B8: AMADOR LAGUNES, ALEJANDRO | C8: =IF(Asistencias!AO8>=70%,"SI","NO") -> SI | D8: 1 | I8: 1 | L8: =COUNTIF(D8:K8,1) -> 2 | M8: =IFERROR((L8/MAX($L$7:$L$42))*1,0) -> 0.4 | N8: 0 | O8: 1 | P8: 1 | Q8: 1 | U8: =((SUM(N8:Q8)*0.1)/4)*10 -> 0.75 | V8: 1 | W8: 1 | X8: 1 | Y8: 1 | Z8: 1 | AA8: 1 | AF8: =((SUM(V8:AA8)*0.3)/6)*10 -> 3 | AG8: 0.92 | AI8: 0.93 | AP8: =((SUM(AG8:AJ8)*0.2)/4)*10 -> 0.925 | AR8: =SUM(M8,U8,AF8,AP8,AQ8) -> 5.075
A9: 202213462 | B9: ARANDA LEON MAXIMILIANO | C9: =IF(Asistencias!AO9>=70%,"SI","NO") -> SI | D9: 1 | G9: 1 | I9: 1 | L9: =COUNTIF(D9:K9,1) -> 3 | M9: =IFERROR((L9/MAX($L$7:$L$42))*1,0) -> 0.6 | N9: 0.85 | O9: 0.7 | P9: 0.9 | Q9: 1 | U9: =((SUM(N9:Q9)*0.1)/4)*10 -> 0.8625 | V9: 0.95 | W9: 1 | X9: 0.9 | Y9: 1 | Z9: 1 | AA9: 1 | AF9: =((SUM(V9:AA9)*0.3)/6)*10 -> 2.925 | AG9: 0.92 | AI9: 0.92 | AP9: =((SUM(AG9:AJ9)*0.2)/4)*10 -> 0.92 | AR9: =SUM(M9,U9,AF9,AP9,AQ9) -> 5.3075
A10: 202220926 | B10: AVENDAÑO VEGA, ERWIN G. | C10: =IF(Asistencias!AO10>=70%,"SI","NO") -> SI | D10: 1 | I10: 1 | L10: =COUNTIF(D10:K10,1) -> 2 | M10: =IFERROR((L10/MAX($L$7:$L$42))*1,0) -> 0.4 | N10: 0.9 | O10: 1 | P10: 1 | Q10: 0.7 | U10: =((SUM(N10:Q10)*0.1)/4)*10 -> 0.9 | V10: 1 | W10: 1 | X10: 1 | Y10: 1 | Z10: 1 | AA10: 1 | AF10: =((SUM(V10:AA10)*0.3)/6)*10 -> 3 | AG10: 0.92 | AI10: 0.92 | AP10: =((SUM(AG10:AJ10)*0.2)/4)*10 -> 0.92 | AR10: =SUM(M10,U10,AF10,AP10,AQ10) -> 5.22
A11: 202221609 | B11: COCONE RAMIREZ JORGE DAMIAN | C11: =IF(Asistencias!AO11>=70%,"SI","NO") -> SI | G11: 1 | I11: 1 | L11: =COUNTIF(D11:K11,1) -> 2 | M11: =IFERROR((L11/MAX($L$7:$L$42))*1,0) -> 0.4 | N11: 0.85 | O11: 0.85 | P11: 0.9 | Q11: 0.9 | U11: =((SUM(N11:Q11)*0.1)/4)*10 -> 0.875 | V11: 1 | W11: 0 | X11: 0.6 | Y11: 1 | Z11: 1 | AA11: 1 | AF11: =((SUM(V11:AA11)*0.3)/6)*10 -> 2.3 | AG11: 0.92 | AI11: 0.88 | AP11: =((SUM(AG11:AJ11)*0.2)/4)*10 -> 0.9 | AR11: =SUM(M11,U11,AF11,AP11,AQ11) -> 4.475
A12: 202237583 | B12: CONTRERAS GONZALEZ, GERSON E. | C12: =IF(Asistencias!AO12>=70%,"SI","NO") -> SI | D12: 1 | G12: 1 | I12: 1 | L12: =COUNTIF(D12:K12,1) -> 3 | M12: =IFERROR((L12/MAX($L$7:$L$42))*1,0) -> 0.6 | N12: 1 | O12: 0.8 | P12: 1 | Q12: 1 | U12: =((SUM(N12:Q12)*0.1)/4)*10 -> 0.95 | V12: 1 | W12: 1 | X12: 1 | Y12: 1 | Z12: 1 | AA12: 1 | AF12: =((SUM(V12:AA12)*0.3)/6)*10 -> 3 | AG12: 0.88 | AI12: 0.96 | AP12: =((SUM(AG12:AJ12)*0.2)/4)*10 -> 0.92 | AR12: =SUM(M12,U12,AF12,AP12,AQ12) -> 5.47
A13: 202222184 | B13: ESCUDERO RIVERA, ALFREDO | C13: =IF(Asistencias!AO13>=70%,"SI","NO") -> SI | D13: 1 | G13: 1 | I13: 1 | L13: =COUNTIF(D13:K13,1) -> 3 | M13: =IFERROR((L13/MAX($L$7:$L$42))*1,0) -> 0.6 | N13: 0.9 | O13: 1 | P13: 1 | Q13: 1 | U13: =((SUM(N13:Q13)*0.1)/4)*10 -> 0.975 | V13: 0.95 | W13: 1 | X13: 0.85 | Y13: 1 | Z13: 1 | AA13: 1 | AF13: =((SUM(V13:AA13)*0.3)/6)*10 -> 2.9 | AG13: 0.88 | AI13: 0.92 | AP13: =((SUM(AG13:AJ13)*0.2)/4)*10 -> 0.9 | AR13: =SUM(M13,U13,AF13,AP13,AQ13) -> 5.375
A14: 202222543 | B14: FLORES PACHECO IGNACIO | C14: =IF(Asistencias!AO14>=70%,"SI","NO") -> SI | D14: 1 | G14: 1 | I14: 1 | L14: =COUNTIF(D14:K14,1) -> 3 | M14: =IFERROR((L14/MAX($L$7:$L$42))*1,0) -> 0.6 | N14: 1 | O14: 0.8 | P14: 1 | Q14: 1 | U14: =((SUM(N14:Q14)*0.1)/4)*10 -> 0.95 | V14: 0.95 | W14: 1 | X14: 0.7 | Y14: 0.8 | Z14: 1 | AA14: 1 | AF14: =((SUM(V14:AA14)*0.3)/6)*10 -> 2.725 | AG14: 0.84 | AI14: 0.92 | AP14: =((SUM(AG14:AJ14)*0.2)/4)*10 -> 0.88 | AR14: =SUM(M14,U14,AF14,AP14,AQ14) -> 5.155
A15: 202230800 | B15: GARRIDO AGUIRRE, KEIRA M. | C15: =IF(Asistencias!AO15>=70%,"SI","NO") -> SI | D15: 1 | I15: 1 | L15: =COUNTIF(D15:K15,1) -> 2 | M15: =IFERROR((L15/MAX($L$7:$L$42))*1,0) -> 0.4 | N15: 1 | O15: 1 | P15: 1 | Q15: 1 | U15: =((SUM(N15:Q15)*0.1)/4)*10 -> 1 | V15: 1 | W15: 1 | X15: 1 | Y15: 1 | Z15: 1 | AA15: 1 | AF15: =((SUM(V15:AA15)*0.3)/6)*10 -> 3 | AG15: 1 | AI15: 1 | AP15: =((SUM(AG15:AJ15)*0.2)/4)*10 -> 1 | AR15: =SUM(M15,U15,AF15,AP15,AQ15) -> 5.4
A16: 202223500 | B16: GUTIERREZ PACHECO, ANGEL D. | C16: =IF(Asistencias!AO16>=70%,"SI","NO") -> SI | D16: 1 | G16: 1 | H16: 1 | I16: 1 | L16: =COUNTIF(D16:K16,1) -> 4 | M16: =IFERROR((L16/MAX($L$7:$L$42))*1,0) -> 0.8 | N16: 1 | O16: 1 | P16: 1 | Q16: 1 | U16: =((SUM(N16:Q16)*0.1)/4)*10 -> 1 | V16: 1 | W16: 1 | X16: 1 | Y16: 1 | Z16: 1 | AA16: 1 | AF16: =((SUM(V16:AA16)*0.3)/6)*10 -> 3 | AG16: 1 | AI16: 1 | AP16: =((SUM(AG16:AJ16)*0.2)/4)*10 -> 1 | AR16: =SUM(M16,U16,AF16,AP16,AQ16) -> 5.8
A17: 202227266 | B17: HERNANDEZ LUIS, OMAR J. | C17: =IF(Asistencias!AO17>=70%,"SI","NO") -> SI | D17: 1 | G17: 1 | I17: 0 | L17: =COUNTIF(D17:K17,1) -> 2 | M17: =IFERROR((L17/MAX($L$7:$L$42))*1,0) -> 0.4 | N17: 0.9 | O17: 0.9 | P17: 0.9 | Q17: 1 | U17: =((SUM(N17:Q17)*0.1)/4)*10 -> 0.925 | V17: 0.9 | W17: 1 | X17: 0 | Y17: 0.95 | Z17: 0.9 | AA17: 0.9 | AF17: =((SUM(V17:AA17)*0.3)/6)*10 -> 2.325 | AG17: 0.92 | AI17: 0.96 | AP17: =((SUM(AG17:AJ17)*0.2)/4)*10 -> 0.94 | AR17: =SUM(M17,U17,AF17,AP17,AQ17) -> 4.59
A18: 202227348 | B18: HERNANDEZ PALESTINA, LEONARDO | C18: =IF(Asistencias!AO18>=70%,"SI","NO") -> SI | D18: 1 | I18: 1 | L18: =COUNTIF(D18:K18,1) -> 2 | M18: =IFERROR((L18/MAX($L$7:$L$42))*1,0) -> 0.4 | N18: 1 | O18: 1 | P18: 1 | Q18: 1 | U18: =((SUM(N18:Q18)*0.1)/4)*10 -> 1 | V18: 1 | W18: 1 | X18: 1 | Y18: 1 | Z18: 1 | AA18: 1 | AF18: =((SUM(V18:AA18)*0.3)/6)*10 -> 3 | AG18: 0.88 | AI18: 0.92 | AP18: =((SUM(AG18:AJ18)*0.2)/4)*10 -> 0.9 | AR18: =SUM(M18,U18,AF18,AP18,AQ18) -> 5.3
A19: 202241171 | B19: IBARRA VALENCIA, PABLO I. | C19: =IF(Asistencias!AO19>=70%,"SI","NO") -> SI | D19: 1 | G19: 1 | I19: 1 | L19: =COUNTIF(D19:K19,1) -> 3 | M19: =IFERROR((L19/MAX($L$7:$L$42))*1,0) -> 0.6 | N19: 0.85 | O19: 1 | P19: 1 | Q19: 1 | U19: =((SUM(N19:Q19)*0.1)/4)*10 -> 0.9625 | V19: 1 | W19: 1 | X19: 0.9 | Y19: 1 | Z19: 0.9 | AA19: 1 | AF19: =((SUM(V19:AA19)*0.3)/6)*10 -> 2.9 | AG19: 1 | AI19: 0.96 | AP19: =((SUM(AG19:AJ19)*0.2)/4)*10 -> 0.98 | AR19: =SUM(M19,U19,AF19,AP19,AQ19) -> 5.4425
A20: 202232408 | B20: LOPEZ ABUSTOS ERIK YAHYR | C20: =IF(Asistencias!AO20>=70%,"SI","NO") -> SI | D20: 1 | G20: 1 | I20: 1 | L20: =COUNTIF(D20:K20,1) -> 3 | M20: =IFERROR((L20/MAX($L$7:$L$42))*1,0) -> 0.6 | N20: 0.9 | O20: 1 | P20: 0.9 | Q20: 0.85 | U20: =((SUM(N20:Q20)*0.1)/4)*10 -> 0.9125 | V20: 1 | W20: 1 | X20: 1 | Y20: 1 | Z20: 1 | AA20: 0.9 | AF20: =((SUM(V20:AA20)*0.3)/6)*10 -> 2.95 | AG20: 0.84 | AI20: 0.8 | AP20: =((SUM(AG20:AJ20)*0.2)/4)*10 -> 0.82 | AR20: =SUM(M20,U20,AF20,AP20,AQ20) -> 5.2825
A21: 202232536 | B21: LOPEZ HERNANDEZ ROCIO PAOLA | C21: =IF(Asistencias!AO21>=70%,"SI","NO") -> SI | D21: 1 | I21: 0 | L21: =COUNTIF(D21:K21,1) -> 1 | M21: =IFERROR((L21/MAX($L$7:$L$42))*1,0) -> 0.2 | N21: 0.85 | O21: 0.9 | P21: 0.9 | Q21: 0.85 | U21: =((SUM(N21:Q21)*0.1)/4)*10 -> 0.875 | V21: 1 | W21: 1 | X21: 1 | Y21: 0.8 | Z21: 1 | AA21: 1 | AF21: =((SUM(V21:AA21)*0.3)/6)*10 -> 2.9 | AG21: 1 | AI21: 0.88 | AP21: =((SUM(AG21:AJ21)*0.2)/4)*10 -> 0.94 | AR21: =SUM(M21,U21,AF21,AP21,AQ21) -> 4.915
A22: 202228369 | B22: LOPEZ RAMIREZ, EVER Z. | C22: =IF(Asistencias!AO22>=70%,"SI","NO") -> SI | D22: 1 | I22: 1 | J22: 1 | L22: =COUNTIF(D22:K22,1) -> 3 | M22: =IFERROR((L22/MAX($L$7:$L$42))*1,0) -> 0.6 | N22: 0.95 | O22: 0.9 | P22: 1 | Q22: 1 | U22: =((SUM(N22:Q22)*0.1)/4)*10 -> 0.9625 | V22: 0.95 | W22: 1 | X22: 1 | Y22: 1 | Z22: 1 | AA22: 1 | AF22: =((SUM(V22:AA22)*0.3)/6)*10 -> 2.975 | AG22: 0.92 | AI22: 0.96 | AP22: =((SUM(AG22:AJ22)*0.2)/4)*10 -> 0.94 | AR22: =SUM(M22,U22,AF22,AP22,AQ22) -> 5.4775
A23: 202228463 | B23: LUCAS SOSA SOSTENES | C23: =IF(Asistencias!AO23>=70%,"SI","NO") -> SI | D23: 1 | I23: 1 | L23: =COUNTIF(D23:K23,1) -> 2 | M23: =IFERROR((L23/MAX($L$7:$L$42))*1,0) -> 0.4 | N23: 0.9 | O23: 0.6 | P23: 0.9 | Q23: 0.6 | U23: =((SUM(N23:Q23)*0.1)/4)*10 -> 0.75 | V23: 0.6 | W23: 1 | X23: 1 | Y23: 1 | Z23: 1 | AA23: 0 | AF23: =((SUM(V23:AA23)*0.3)/6)*10 -> 2.3 | AG23: 0.92 | AI23: 0.96 | AP23: =((SUM(AG23:AJ23)*0.2)/4)*10 -> 0.94 | AR23: =SUM(M23,U23,AF23,AP23,AQ23) -> 4.39
A24: 202263388 | B24: MARTINEZ GARCIA, JOHAN Y. | C24: =IF(Asistencias!AO24>=70%,"SI","NO") -> SI | D24: 1 | I24: 1 | L24: =COUNTIF(D24:K24,1) -> 2 | M24: =IFERROR((L24/MAX($L$7:$L$42))*1,0) -> 0.4 | N24: 1 | O24: 1 | P24: 1 | Q24: 1 | U24: =((SUM(N24:Q24)*0.1)/4)*10 -> 1 | V24: 1 | W24: 1 | X24: 1 | Y24: 1 | Z24: 1 | AA24: 1 | AF24: =((SUM(V24:AA24)*0.3)/6)*10 -> 3 | AG24: 0.88 | AI24: 0.92 | AP24: =((SUM(AG24:AJ24)*0.2)/4)*10 -> 0.9 | AR24: =SUM(M24,U24,AF24,AP24,AQ24) -> 5.3
A25: 202233629 | B25: MENDEZ CARRANZA, RIVALDO | C25: =IF(Asistencias!AO25>=70%,"SI","NO") -> SI | D25: 1 | I25: 1 | L25: =COUNTIF(D25:K25,1) -> 2 | M25: =IFERROR((L25/MAX($L$7:$L$42))*1,0) -> 0.4 | N25: 0.9 | O25: 0.8 | P25: 1 | Q25: 0.9 | U25: =((SUM(N25:Q25)*0.1)/4)*10 -> 0.9 | V25: 1 | W25: 1 | X25: 1 | Y25: 1 | Z25: 1 | AA25: 1 | AF25: =((SUM(V25:AA25)*0.3)/6)*10 -> 3 | AG25: 0.92 | AI25: 0.96 | AP25: =((SUM(AG25:AJ25)*0.2)/4)*10 -> 0.94 | AR25: =SUM(M25,U25,AF25,AP25,AQ25) -> 5.24
A26: 202233780 | B26: MENDOZA MERINO, HECTOR A. | C26: =IF(Asistencias!AO26>=70%,"SI","NO") -> SI | D26: 1 | I26: 1 | J26: 1 | L26: =COUNTIF(D26:K26,1) -> 3 | M26: =IFERROR((L26/MAX($L$7:$L$42))*1,0) -> 0.6 | N26: 1 | O26: 1 | P26: 1 | Q26: 1 | U26: =((SUM(N26:Q26)*0.1)/4)*10 -> 1 | V26: 1 | W26: 1 | X26: 1 | Y26: 1 | Z26: 1 | AA26: 1 | AF26: =((SUM(V26:AA26)*0.3)/6)*10 -> 3 | AG26: 1 | AI26: 0.96 | AP26: =((SUM(AG26:AJ26)*0.2)/4)*10 -> 0.98 | AR26: =SUM(M26,U26,AF26,AP26,AQ26) -> 5.58
A27: 202234180 | B27: MORALES CILIA, FERNANDO | C27: =IF(Asistencias!AO27>=70%,"SI","NO") -> SI | D27: 1 | G27: 1 | I27: 1 | L27: =COUNTIF(D27:K27,1) -> 3 | M27: =IFERROR((L27/MAX($L$7:$L$42))*1,0) -> 0.6 | N27: 1 | O27: 0.9 | P27: 1 | Q27: 1 | U27: =((SUM(N27:Q27)*0.1)/4)*10 -> 0.975 | V27: 1 | W27: 1 | X27: 1 | Y27: 0.25 | Z27: 1 | AA27: 1 | AF27: =((SUM(V27:AA27)*0.3)/6)*10 -> 2.625 | AG27: 1 | AI27: 0.92 | AP27: =((SUM(AG27:AJ27)*0.2)/4)*10 -> 0.96 | AR27: =SUM(M27,U27,AF27,AP27,AQ27) -> 5.16
A28: 202234640 | B28: NAVA RIVERA, DIEGO A. | C28: =IF(Asistencias!AO28>=70%,"SI","NO") -> SI | D28: 1 | G28: 1 | I28: 1 | L28: =COUNTIF(D28:K28,1) -> 3 | M28: =IFERROR((L28/MAX($L$7:$L$42))*1,0) -> 0.6 | N28: 0.9 | O28: 0.85 | P28: 1 | Q28: 1 | U28: =((SUM(N28:Q28)*0.1)/4)*10 -> 0.9375 | V28: 1 | W28: 1 | X28: 1 | Y28: 1 | Z28: 1 | AA28: 1 | AF28: =((SUM(V28:AA28)*0.3)/6)*10 -> 3 | AG28: 0.92 | AI28: 1 | AP28: =((SUM(AG28:AJ28)*0.2)/4)*10 -> 0.96 | AR28: =SUM(M28,U28,AF28,AP28,AQ28) -> 5.4975
A29: 202246622 | B29: PALACIOS CABALLERO, BERNARDO | C29: =IF(Asistencias!AO29>=70%,"SI","NO") -> SI | D29: 1 | I29: 1 | L29: =COUNTIF(D29:K29,1) -> 2 | M29: =IFERROR((L29/MAX($L$7:$L$42))*1,0) -> 0.4 | N29: 1 | O29: 0.9 | P29: 1 | Q29: 0.75 | U29: =((SUM(N29:Q29)*0.1)/4)*10 -> 0.9125 | V29: 0.9 | W29: 1 | X29: 0 | Y29: 0.6 | Z29: 0.7 | AA29: 1 | AF29: =((SUM(V29:AA29)*0.3)/6)*10 -> 2.1 | AG29: 0.96 | AI29: 0.96 | AP29: =((SUM(AG29:AJ29)*0.2)/4)*10 -> 0.96 | AR29: =SUM(M29,U29,AF29,AP29,AQ29) -> 4.3725
A30: 202247824 | B30: PEREZ PAVON, ANDY | C30: =IF(Asistencias!AO30>=70%,"SI","NO") -> SI | D30: 1 | G30: 1 | I30: 1 | L30: =COUNTIF(D30:K30,1) -> 3 | M30: =IFERROR((L30/MAX($L$7:$L$42))*1,0) -> 0.6 | N30: 0.9 | O30: 1 | P30: 1 | Q30: 1 | U30: =((SUM(N30:Q30)*0.1)/4)*10 -> 0.975 | V30: 1 | W30: 1 | X30: 1 | Y30: 1 | Z30: 1 | AA30: 1 | AF30: =((SUM(V30:AA30)*0.3)/6)*10 -> 3 | AG30: 1 | AI30: 1 | AP30: =((SUM(AG30:AJ30)*0.2)/4)*10 -> 1 | AR30: =SUM(M30,U30,AF30,AP30,AQ30) -> 5.575
A31: 202247984 | B31: PEREZ SANCHEZ, IVAN | C31: =IF(Asistencias!AO31>=70%,"SI","NO") -> SI | D31: 1 | E31: 1 | F31: 1 | H31: 1 | I31: 1 | L31: =COUNTIF(D31:K31,1) -> 5 | M31: =IFERROR((L31/MAX($L$7:$L$42))*1,0) -> 1 | N31: 1 | O31: 1 | P31: 1 | Q31: 1 | U31: =((SUM(N31:Q31)*0.1)/4)*10 -> 1 | V31: 1 | W31: 1 | X31: 1 | Y31: 1 | Z31: 1 | AA31: 1 | AF31: =((SUM(V31:AA31)*0.3)/6)*10 -> 3 | AG31: 0.96 | AI31: 1 | AP31: =((SUM(AG31:AJ31)*0.2)/4)*10 -> 0.98 | AR31: =SUM(M31,U31,AF31,AP31,AQ31) -> 5.98
A32: 202248699 | B32: RAMIREZ BAÑUELOS, GABRIEL | C32: =IF(Asistencias!AO32>=70%,"SI","NO") -> SI | D32: 1 | G32: 1 | I32: 1 | L32: =COUNTIF(D32:K32,1) -> 3 | M32: =IFERROR((L32/MAX($L$7:$L$42))*1,0) -> 0.6 | N32: 1 | O32: 0.85 | P32: 1 | Q32: 1 | U32: =((SUM(N32:Q32)*0.1)/4)*10 -> 0.9625 | V32: 1 | W32: 1 | X32: 1 | Y32: 1 | Z32: 1 | AA32: 1 | AF32: =((SUM(V32:AA32)*0.3)/6)*10 -> 3 | AG32: 0.8 | AI32: 0.92 | AP32: =((SUM(AG32:AJ32)*0.2)/4)*10 -> 0.86 | AR32: =SUM(M32,U32,AF32,AP32,AQ32) -> 5.4225
A33: 202248964 | B33: RAMIREZ LIMA, JOSELYN | C33: =IF(Asistencias!AO33>=70%,"SI","NO") -> SI | D33: 1 | F33: 1 | I33: 1 | L33: =COUNTIF(D33:K33,1) -> 3 | M33: =IFERROR((L33/MAX($L$7:$L$42))*1,0) -> 0.6 | N33: 1 | O33: 1 | P33: 1 | Q33: 1 | U33: =((SUM(N33:Q33)*0.1)/4)*10 -> 1 | V33: 1 | W33: 1 | X33: 1 | Y33: 1 | Z33: 1 | AA33: 1 | AF33: =((SUM(V33:AA33)*0.3)/6)*10 -> 3 | AG33: 1 | AI33: 0.92 | AP33: =((SUM(AG33:AJ33)*0.2)/4)*10 -> 0.96 | AR33: =SUM(M33,U33,AF33,AP33,AQ33) -> 5.56
A34: 202250332 | B34: ROBLEDO ORDOÑEZ, RODRIGO | C34: =IF(Asistencias!AO34>=70%,"SI","NO") -> SI | D34: 1 | G34: 1 | I34: 1 | L34: =COUNTIF(D34:K34,1) -> 3 | M34: =IFERROR((L34/MAX($L$7:$L$42))*1,0) -> 0.6 | N34: 1 | O34: 0.9 | P34: 1 | Q34: 0.9 | U34: =((SUM(N34:Q34)*0.1)/4)*10 -> 0.95 | V34: 0.9 | W34: 1 | X34: 0.9 | Y34: 1 | Z34: 1 | AA34: 1 | AF34: =((SUM(V34:AA34)*0.3)/6)*10 -> 2.9 | AG34: 0.92 | AI34: 1 | AP34: =((SUM(AG34:AJ34)*0.2)/4)*10 -> 0.96 | AR34: =SUM(M34,U34,AF34,AP34,AQ34) -> 5.41
A35: 202251246 | B35: ROJAS RUIZ, JORGE | C35: =IF(Asistencias!AO35>=70%,"SI","NO") -> SI | D35: 1 | E35: 1 | G35: 1 | I35: 1 | L35: =COUNTIF(D35:K35,1) -> 4 | M35: =IFERROR((L35/MAX($L$7:$L$42))*1,0) -> 0.8 | N35: 1 | O35: 1 | P35: 1 | Q35: 1 | U35: =((SUM(N35:Q35)*0.1)/4)*10 -> 1 | V35: 1 | W35: 1 | X35: 1 | Y35: 1 | Z35: 1 | AA35: 1 | AF35: =((SUM(V35:AA35)*0.3)/6)*10 -> 3 | AG35: 0.88 | AI35: 1 | AP35: =((SUM(AG35:AJ35)*0.2)/4)*10 -> 0.94 | AR35: =SUM(M35,U35,AF35,AP35,AQ35) -> 5.74
A36: 202253882 | B36: SARMIENTO TOTOLHUA, ANGEL | C36: =IF(Asistencias!AO36>=70%,"SI","NO") -> SI | G36: 1 | I36: 1 | L36: =COUNTIF(D36:K36,1) -> 2 | M36: =IFERROR((L36/MAX($L$7:$L$42))*1,0) -> 0.4 | N36: 0.9 | O36: 0.85 | P36: 1 | Q36: 0 | U36: =((SUM(N36:Q36)*0.1)/4)*10 -> 0.6875 | V36: 0.95 | W36: 1 | X36: 1 | Y36: 0 | Z36: 1 | AA36: 1 | AF36: =((SUM(V36:AA36)*0.3)/6)*10 -> 2.475 | AG36: 0.84 | AI36: 0.88 | AP36: =((SUM(AG36:AJ36)*0.2)/4)*10 -> 0.86 | AR36: =SUM(M36,U36,AF36,AP36,AQ36) -> 4.4225
A37: 202254416 | B37: SOSA FRANCISCO, NELSON R. | C37: =IF(Asistencias!AO37>=70%,"SI","NO") -> SI | D37: 1 | F37: 1 | G37: 1 | I37: 1 | J37: 1 | L37: =COUNTIF(D37:K37,1) -> 5 | M37: =IFERROR((L37/MAX($L$7:$L$42))*1,0) -> 1 | N37: 1 | O37: 1 | P37: 1 | Q37: 1 | U37: =((SUM(N37:Q37)*0.1)/4)*10 -> 1 | V37: 1 | W37: 1 | X37: 1 | Y37: 1 | Z37: 1 | AA37: 1 | AF37: =((SUM(V37:AA37)*0.3)/6)*10 -> 3 | AG37: 1 | AI37: 1 | AP37: =((SUM(AG37:AJ37)*0.2)/4)*10 -> 1 | AR37: =SUM(M37,U37,AF37,AP37,AQ37) -> 6
A38: 202255315 | B38: TORRES CORTE, AARON U. | C38: =IF(Asistencias!AO38>=70%,"SI","NO") -> SI | D38: 1 | E38: 1 | F38: 1 | G38: 1 | I38: 1 | L38: =COUNTIF(D38:K38,1) -> 5 | M38: =IFERROR((L38/MAX($L$7:$L$42))*1,0) -> 1 | N38: 1 | O38: 1 | P38: 1 | Q38: 1 | U38: =((SUM(N38:Q38)*0.1)/4)*10 -> 1 | V38: 1 | W38: 1 | X38: 1 | Y38: 1 | Z38: 1 | AA38: 1 | AF38: =((SUM(V38:AA38)*0.3)/6)*10 -> 3 | AG38: 0.92 | AI38: 1 | AP38: =((SUM(AG38:AJ38)*0.2)/4)*10 -> 0.96 | AR38: =SUM(M38,U38,AF38,AP38,AQ38) -> 5.96
A39: 202269113 | B39: TORRES ZAMORA, JOSUE SAUL | C39: =IF(Asistencias!AO39>=70%,"SI","NO") -> SI | D39: 1 | E39: 1 | G39: 1 | I39: 0 | J39: 1 | L39: =COUNTIF(D39:K39,1) -> 4 | M39: =IFERROR((L39/MAX($L$7:$L$42))*1,0) -> 0.8 | N39: 0.9 | O39: 1 | P39: 1 | Q39: 1 | U39: =((SUM(N39:Q39)*0.1)/4)*10 -> 0.975 | V39: 1 | W39: 1 | X39: 1 | Y39: 1 | Z39: 1 | AA39: 1 | AF39: =((SUM(V39:AA39)*0.3)/6)*10 -> 3 | AG39: 1 | AI39: 1 | AP39: =((SUM(AG39:AJ39)*0.2)/4)*10 -> 1 | AR39: =SUM(M39,U39,AF39,AP39,AQ39) -> 5.775
A40: 202269252 | B40: URBINA CINTO, ESMERALDA | C40: =IF(Asistencias!AO40>=70%,"SI","NO") -> SI | D40: 1 | E40: 1 | G40: 1 | I40: 0 | J40: 1 | L40: =COUNTIF(D40:K40,1) -> 4 | M40: =IFERROR((L40/MAX($L$7:$L$42))*1,0) -> 0.8 | N40: 1 | O40: 1 | P40: 1 | Q40: 1 | U40: =((SUM(N40:Q40)*0.1)/4)*10 -> 1 | V40: 1 | W40: 1 | X40: 1 | Y40: 1 | Z40: 1 | AA40: 1 | AF40: =((SUM(V40:AA40)*0.3)/6)*10 -> 3 | AG40: 0.96 | AI40: 1 | AP40: =((SUM(AG40:AJ40)*0.2)/4)*10 -> 0.98 | AR40: =SUM(M40,U40,AF40,AP40,AQ40) -> 5.78
A41: 202270252 | B41: VERGARA NAVARRO, JONATHAN | C41: =IF(Asistencias!AO41>=70%,"SI","NO") -> SI | G41: 1 | I41: 1 | L41: =COUNTIF(D41:K41,1) -> 2 | M41: =IFERROR((L41/MAX($L$7:$L$42))*1,0) -> 0.4 | N41: 1 | O41: 0.9 | P41: 1 | Q41: 0.9 | U41: =((SUM(N41:Q41)*0.1)/4)*10 -> 0.95 | V41: 1 | W41: 1 | X41: 1 | Y41: 0 | Z41: 1 | AA41: 1 | AF41: =((SUM(V41:AA41)*0.3)/6)*10 -> 2.5 | AG41: 0.8 | AI41: 0.84 | AP41: =((SUM(AG41:AJ41)*0.2)/4)*10 -> 0.82 | AR41: =SUM(M41,U41,AF41,AP41,AQ41) -> 4.67
A42: 202256742 | B42: VIVEROS GOMEZ, KALTUM A. | C42: =IF(Asistencias!AO42>=70%,"SI","NO") -> SI | D42: 1 | E42: 1 | G42: 1 | I42: 1 | J42: 1 | L42: =COUNTIF(D42:K42,1) -> 5 | M42: =IFERROR((L42/MAX($L$7:$L$42))*1,0) -> 1 | N42: 1 | O42: 1 | P42: 1 | Q42: 1 | U42: =((SUM(N42:Q42)*0.1)/4)*10 -> 1 | V42: 1 | W42: 1 | X42: 1 | Y42: 1 | Z42: 1 | AA42: 1 | AF42: =((SUM(V42:AA42)*0.3)/6)*10 -> 3 | AG42: 1 | AI42: 1 | AP42: =((SUM(AG42:AJ42)*0.2)/4)*10 -> 1 | AR42: =SUM(M42,U42,AF42,AP42,AQ42) -> 6

Sheet Asistencias
A1: DESARROLLO DE APLICACIONES WEB
A2: BENEMÉRITA UNIVERSIDAD AUTÓNOMA DE PUEBLA
A3: FACULTAD DE CIENCIAS DE LA COMPUTACIÓN
A4: M.C. LUIS YAEL MÉNDEZ SÁNCHEZ
A5: PRIMAVERA 2026
A6: Matrícula | B6: Nombre | C6: =DATE(2026,1,7) -> 46029 | D6: =C6+CHOOSE(MATCH(WEEKDAY(C6,2),{1,3,5},0),2,2,3) -> 46031 | E6: =D6+CHOOSE(MATCH(WEEKDAY(D6,2),{1,3,5},0),2,2,3) -> 46034 | F6: =E6+CHOOSE(MATCH(WEEKDAY(E6,2),{1,3,5},0),2,2,3) -> 46036 | G6: =F6+CHOOSE(MATCH(WEEKDAY(F6,2),{1,3,5},0),2,2,3) -> 46038 | H6: =G6+CHOOSE(MATCH(WEEKDAY(G6,2),{1,3,5},0),2,2,3) -> 46041 | I6: =H6+CHOOSE(MATCH(WEEKDAY(H6,2),{1,3,5},0),2,2,3) -> 46043 | J6: =I6+CHOOSE(MATCH(WEEKDAY(I6,2),{1,3,5},0),2,2,3) -> 46045 | K6: =J6+CHOOSE(MATCH(WEEKDAY(J6,2),{1,3,5},0),2,2,3) -> 46048 | ... Z6: =Y6+CHOOSE(MATCH(WEEKDAY(Y6,2),{1,3,5},0),2,2,3) -> 46083 | AA6: 46085 | AB6: 46092 | AC6: 46099 | AD6: 46101 | AE6: 46127 | AF6: 46129 | AG6: 46134 | AH6: 46136 | AI6: 46141 | AJ6: 46148 | AK6: 46150 | AM6: Total de Asistencias | AN6: Asistencias Reales | AO6: % Asistencias Alumno
A7: 202224429 | B7: AGUILAR SALDIVAR, ANGEL G. | C7: 1 | D7: 1 | E7: 1 | F7: 1 | G7: 1 | H7: 1 | I7: 1 | J7: 1 | K7: 1 | L7: 1 | O7: 1 | P7: 1 | R7: 1 | Y7: 1 | Z7: 1 | AA7: 1 | AB7: 1 | AC7: 1 | AD7: 1 | AE7: 1 | AF7: 1 | AG7: 1 | AH7: 1 | AI7: 1 | AJ7: 1 | AK7: 1 | AM7: =COUNT(C7:AK7) -> 26 | AN7: =COUNTIF(C7:AK7,1) -> 26 | AO7: =AN7/AM7 -> 1
A8: 202213377 | B8: AMADOR LAGUNES, ALEJANDRO | C8: 1 | D8: 1 | E8: 1 | F8: 1 | G8: 1 | H8: 1 | I8: 1 | J8: 1 | K8: 1 | L8: 1 | O8: 1 | P8: 1 | R8: 1 | Y8: 1 | Z8: 1 | AA8: 1 | AB8: 1 | AC8: 1 | AD8: 1 | AE8: 1 | AF8: 1 | AG8: 1 | AH8: 1 | AI8: 1 | AJ8: 1 | AK8: 1 | AM8: =COUNT(C8:AK8) -> 26 | AN8: =COUNTIF(C8:AK8,1) -> 26 | AO8: =AN8/AM8 -> 1
A9: 202213462 | B9: ARANDA LEON MAXIMILIANO | C9: 1 | D9: 1 | E9: 1 | F9: 1 | G9: 1 | H9: 1 | I9: 1 | J9: 1 | K9: 1 | L9: 1 | O9: 1 | P9: 1 | R9: 1 | Y9: 1 | Z9: 1 | AA9: 1 | AB9: 1 | AC9: 1 | AD9: 1 | AE9: 1 | AF9: 1 | AG9: 1 | AH9: 1 | AI9: 1 | AJ9: 1 | AK9: 1 | AM9: =COUNT(C9:AK9) -> 26 | AN9: =COUNTIF(C9:AK9,1) -> 26 | AO9: =AN9/AM9 -> 1
A10: 202220926 | B10: AVENDAÑO VEGA, ERWIN G. | C10: 1 | D10: 1 | E10: 1 | F10: 1 | G10: 1 | H10: 1 | I10: 1 | J10: 1 | K10: 1 | L10: 1 | O10: 1 | P10: 1 | R10: 1 | Y10: 1 | Z10: 1 | AA10: 1 | AB10: 1 | AC10: 1 | AD10: 1 | AE10: 1 | AF10: 1 | AG10: 1 | AH10: 1 | AI10: 1 | AJ10: 1 | AK10: 1 | AM10: =COUNT(C10:AK10) -> 26 | AN10: =COUNTIF(C10:AK10,1) -> 26 | AO10: =AN10/AM10 -> 1
A11: 202221609 | B11: COCONE RAMIREZ JORGE DAMIAN | C11: 1 | D11: 1 | E11: 1 | F11: 1 | G11: 1 | H11: 1 | I11: 1 | J11: 1 | K11: 1 | L11: 1 | O11: 1 | P11: 1 | R11: 1 | Y11: 1 | Z11: 1 | AA11: 1 | AB11: 1 | AC11: 1 | AD11: 1 | AE11: 0 | AF11: 1 | AG11: 1 | AH11: 1 | AI11: 1 | AJ11: 1 | AK11: 1 | AM11: =COUNT(C11:AK11) -> 26 | AN11: =COUNTIF(C11:AK11,1) -> 25 | AO11: =AN11/AM11 -> 0.96153846
A12: 202237583 | B12: CONTRERAS GONZALEZ, GERSON E. | C12: 0 | D12: 1 | E12: 1 | F12: 1 | G12: 1 | H12: 1 | I12: 1 | J12: 1 | K12: 1 | L12: 1 | O12: 1 | P12: 1 | R12: 1 | Y12: 1 | Z12: 1 | AA12: 1 | AB12: 1 | AC12: 0 | AD12: 1 | AE12: 1 | AF12: 1 | AG12: 1 | AH12: 1 | AI12: 1 | AJ12: 1 | AK12: 1 | AM12: =COUNT(C12:AK12) -> 26 | AN12: =COUNTIF(C12:AK12,1) -> 24 | AO12: =AN12/AM12 -> 0.92307692
A13: 202222184 | B13: ESCUDERO RIVERA, ALFREDO | C13: 1 | D13: 1 | E13: 1 | F13: 1 | G13: 1 | H13: 1 | I13: 1 | J13: 1 | K13: 1 | L13: 1 | O13: 1 | P13: 1 | R13: 1 | Y13: 1 | Z13: 1 | AA13: 1 | AB13: 1 | AC13: 1 | AD13: 1 | AE13: 1 | AF13: 1 | AG13: 1 | AH13: 1 | AI13: 1 | AJ13: 1 | AK13: 1 | AM13: =COUNT(C13:AK13) -> 26 | AN13: =COUNTIF(C13:AK13,1) -> 26 | AO13: =AN13/AM13 -> 1
A14: 202222543 | B14: FLORES PACHECO IGNACIO | C14: 1 | D14: 1 | E14: 1 | F14: 1 | G14: 1 | H14: 1 | I14: 1 | J14: 1 | K14: 1 | L14: 1 | O14: 1 | P14: 1 | R14: 1 | Y14: 1 | Z14: 1 | AA14: 1 | AB14: 0 | AC14: 1 | AD14: 1 | AE14: 1 | AF14: 1 | AG14: 1 | AH14: 1 | AI14: 0 | AJ14: 1 | AK14: 1 | AM14: =COUNT(C14:AK14) -> 26 | AN14: =COUNTIF(C14:AK14,1) -> 24 | AO14: =AN14/AM14 -> 0.92307692
A15: 202230800 | B15: GARRIDO AGUIRRE, KEIRA M. | C15: 1 | D15: 1 | E15: 1 | F15: 1 | G15: 1 | H15: 1 | I15: 1 | J15: 1 | K15: 1 | L15: 1 | O15: 1 | P15: 1 | R15: 1 | Y15: 1 | Z15: 1 | AA15: 1 | AB15: 1 | AC15: 1 | AD15: 1 | AE15: 1 | AF15: 1 | AG15: 1 | AH15: 1 | AI15: 0 | AJ15: 1 | AK15: 1 | AM15: =COUNT(C15:AK15) -> 26 | AN15: =COUNTIF(C15:AK15,1) -> 25 | AO15: =AN15/AM15 -> 0.96153846
A16: 202223500 | B16: GUTIERREZ PACHECO, ANGEL D. | C16: 1 | D16: 1 | E16: 1 | F16: 1 | G16: 1 | H16: 1 | I16: 1 | J16: 1 | K16: 1 | L16: 1 | O16: 1 | P16: 1 | R16: 1 | Y16: 1 | Z16: 1 | AA16: 1 | AB16: 1 | AC16: 1 | AD16: 1 | AE16: 1 | AF16: 1 | AG16: 1 | AH16: 1 | AI16: 1 | AJ16: 1 | AK16: 1 | AM16: =COUNT(C16:AK16) -> 26 | AN16: =COUNTIF(C16:AK16,1) -> 26 | AO16: =AN16/AM16 -> 1
A17: 202227266 | B17: HERNANDEZ LUIS, OMAR J. | C17: 1 | D17: 1 | E17: 0 | F17: 1 | G17: 1 | H17: 1 | I17: 1 | J17: 1 | K17: 1 | L17: 0 | O17: 1 | P17: 1 | R17: 0 | Y17: 1 | Z17: 1 | AA17: 1 | AB17: 1 | AC17: 1 | AD17: 1 | AE17: 0 | AF17: 1 | AG17: 1 | AH17: 0 | AI17: 0 | AJ17: 0 | AK17: 1 | AM17: =COUNT(C17:AK17) -> 26 | AN17: =COUNTIF(C17:AK17,1) -> 19 | AO17: =AN17/AM17 -> 0.73076923
A18: 202227348 | B18: HERNANDEZ PALESTINA, LEONARDO | C18: 1 | D18: 1 | E18: 1 | F18: 1 | G18: 1 | H18: 1 | I18: 1 | J18: 1 | K18: 1 | L18: 1 | O18: 1 | P18: 1 | R18: 1 | Y18: 1 | Z18: 1 | AA18: 1 | AB18: 1 | AC18: 1 | AD18: 1 | AE18: 1 | AF18: 1 | AG18: 1 | AH18: 1 | AI18: 1 | AJ18: 1 | AK18: 1 | AM18: =COUNT(C18:AK18) -> 26 | AN18: =COUNTIF(C18:AK18,1) -> 26 | AO18: =AN18/AM18 -> 1
... A42: 202256742 | B42: VIVEROS GOMEZ, KALTUM A. | C42: 1 | D42: 1 | E42: 1 | F42: 1 | G42: 1 | H42: 1 | I42: 1 | J42: 1 | K42: 1 | L42: 1 | O42: 1 | P42: 1 | R42: 1 | Y42: 1 | Z42: 1 | AA42: 1 | AB42: 1 | AC42: 1 | AD42: 1 | AE42: 0 | AF42: 0 | AG42: 1 | AH42: 1 | AI42: 1 | AJ42: 1 | AK42: 1 | AM42: =COUNT(C42:AK42) -> 26 | AN42: =COUNTIF(C42:AK42,1) -> 24 | AO42: =AN42/AM42 -> 0.92307692
AM44: Total alumnos
AM45: Alumnos < 70%
AM46: Porcentaje de reprobados
